﻿location_id,Frequency,LocationName,X_Coordinate,Y_Coordinate
5,35061,simpson home,1578,1150
3,7092,springfield elementary school,1125,1225
15,4631,moe tavern,1250,800
10,3597,springfield nuclear power plant,825,1100
136,1476,kwik-e-mart,1720,1990
131,1416,first church of springfield,1250,1225
25,1378,simpson living room,1578,1150
270,1334,springfield street,1578,1150
216,1314,springfield,1578,1150
151,1239,simpson car,1578,1150
188,1166,flanders home,1578,1150
1,1124,street,1578,1150
48,1103,springfield town hall,1134,983
79,1049,springfield retirement castle,1520,1150
53,998,burns manor,450,675
8,833,springfield mall,2100,1190
140,816,simpson kitchen,1578,1150
194,813,courtroom,1157,1050
84,767,bart treehouse,1578,1145
43,766,bart bedroom,1578,1150
493,710,springfield town square,1125,915
98,644,lisa bedroom,1578,1150
192,631,springfield police station,1070,850
28,628,skinner office,1125,1225
51,627,burns office,825,1100
50,617,park,1400,1070
396,610,the android dungeon baseball card shop,1050,910
410,603,evergreen terrace,1600,1190
29,574,homer car,1578,1150
2,564,car,1578,1150
387,545,springfield convention center,1285,325
232,525,stadium,2085,600
297,507,hospital,1305,670
561,499,theater,1125,1225
44,493,simpson backyard,1578,1150
36,478,bus,1125,1225
701,473,krustylu studios,1945,500
190,464,tv studio,1945,500
47,453,living room,1578,1150
6,443,kitchen,1578,1150
144,416,barney bowlarama,1965,1170
71,367,school bus,1125,1225
27,364,classroom,1125,1225
451,358,springfield prison,2400,525
100,355,simpson master bedroom,1578,1150
348,339,beach,600,150
306,333,dr hibbert office,1360,650
388,324,krusty burger,2085,1035
4,314,auditorium,1125,1225
573,314,mrs krabappel classroom,1125,1225